Salt Lake City,Ogden,100.0
Salt Lake City,Park City,223.60679774997897
Salt Lake City,Tooele,141.4213562373095
Ogden,Brigham City,111.80339887498948
Ogden,Tooele,223.60679774997897
Ogden,Park City,282.842712474619
Brigham City,Logan,111.80339887498948
Tooele,Provo,254.95097567963924
Park City,Provo,70.71067811865476
